user_id,latitude,longitude,edge_node_id,request_rate,avg_data_size_kb,avg_compute_cost
user_0000,-37.814619,144.974443,304744,1.351,11.28,0.265
user_0001,-37.81014,144.970454,302854,0.602,189.85,0.506
user_0002,-37.819892,144.957305,134872,1.806,26.82,0.353
user_0003,-37.814524,144.953632,135143,0.254,59.88,0.403
user_0004,-37.8141,144.963,303712,0.248,54.91,0.49
user_0005,-37.81166,144.965909,301361,1.181,60.33,0.454
user_0006,-37.813785,144.959214,130005,1.657,6.63,0.583
user_0007,-37.812084,144.957674,101373,1.457,90.4,0.193
user_0008,-37.814908,144.970277,44125,1.923,89.49,0.156
user_0009,-37.815249,144.973142,305394,0.374,217.72,0.462
user_0010,-37.81049,144.969832,9009843,1.653,188.16,0.422
user_0011,-37.815119,144.967232,301386,1.952,100.01,0.431
user_0012,-37.819376,144.960727,301658,1.693,160.25,0.617
user_0013,-37.81494,144.957106,11593,1.239,181.85,0.127
user_0014,-37.814904,144.959468,9014611,0.61,77.64,0.148
user_0015,-37.812342,144.957473,302516,0.619,30.35,0.267
user_0016,-37.812551,144.969121,301240,1.344,96.57,0.322
user_0017,-37.812978,144.965004,51718,0.577,72.01,0.662
user_0018,-37.815636,144.968919,303676,1.366,157.89,0.203
user_0019,-37.814217,144.968686,301388,1.512,46.01,0.328
user_0020,-37.811498,144.957851,101373,1.981,165.64,0.434
user_0021,-37.817553,144.963679,44101,1.432,216.56,0.566
user_0022,-37.813824,144.955642,135143,0.612,13.06,0.289
user_0023,-37.817499,144.957334,11579,0.682,57.96,0.666
user_0024,-37.814414,144.964203,304434,1.777,83.98,0.493
user_0025,-37.816685,144.960553,206082,0.912,234.55,0.375
user_0026,-37.809765,144.966551,134754,0.677,66.9,0.437
user_0027,-37.818202,144.962823,134554,0.673,151.73,0.639
user_0028,-37.817758,144.959058,303710,0.919,60.05,0.699
user_0029,-37.815434,144.970349,135237,1.117,27.82,0.128
user_0030,-37.814437,144.964244,304434,0.397,162.49,0.575
user_0031,-37.81245,144.960225,134680,0.96,20.95,0.329
user_0032,-37.815088,144.956592,11593,1.993,137.81,0.683
user_0033,-37.816482,144.956804,135306,1.749,7.88,0.532
user_0034,-37.816569,144.962635,11571,1.427,139.78,0.26
user_0035,-37.818182,144.955435,301205,1.354,33.0,0.361
user_0036,-37.810934,144.971181,135213,1.017,244.41,0.626
user_0037,-37.809814,144.97104,302854,0.674,130.65,0.207
user_0038,-37.811771,144.968788,130439,1.843,223.5,0.279
user_0039,-37.81314,144.97219,50686,1.35,157.85,0.192
user_0040,-37.818454,144.955602,301205,1.573,140.38,0.567
user_0041,-37.817603,144.96534,134403,1.155,5.14,0.294
user_0042,-37.813023,144.957438,302516,0.235,238.2,0.627
user_0043,-37.811961,144.957934,101373,1.697,82.19,0.135
user_0044,-37.816313,144.954874,9001289,1.78,242.68,0.151
user_0045,-37.81062,144.966153,134754,1.075,22.37,0.556
user_0046,-37.8189,144.956573,134547,1.579,37.23,0.385
user_0047,-37.816205,144.956296,11591,1.19,71.53,0.623
user_0048,-37.817376,144.95821,134449,0.962,58.16,0.424
user_0049,-37.81247,144.965175,135253,1.514,55.49,0.287
user_0050,-37.815304,144.973835,304744,1.991,168.12,0.363
user_0051,-37.81559,144.957887,304370,1.132,35.37,0.235
user_0052,-37.815153,144.954356,404118,0.809,152.67,0.238
user_0053,-37.811981,144.961012,9013096,0.596,22.82,0.479
user_0054,-37.815838,144.956792,11593,0.612,232.26,0.616
user_0055,-37.818228,144.96205,11600,0.328,64.74,0.501
user_0056,-37.809754,144.965309,301896,0.586,38.21,0.661
user_0057,-37.816015,144.962187,11571,1.228,123.64,0.571
user_0058,-37.818247,144.957883,134245,1.653,52.79,0.158
user_0059,-37.811691,144.972941,304368,0.976,111.32,0.38
user_0060,-37.810308,144.963452,50151,1.512,174.01,0.69
user_0061,-37.815016,144.961033,134822,0.377,106.06,0.304
user_0062,-37.815983,144.970376,135237,1.751,67.41,0.214
user_0063,-37.810053,144.97246,302923,1.008,110.89,0.267
user_0064,-37.816624,144.961993,303652,0.65,236.74,0.366
user_0065,-37.815507,144.958867,304562,1.75,143.13,0.13
user_0066,-37.808326,144.971057,304060,1.999,214.84,0.681
user_0067,-37.815293,144.958198,9014611,1.867,218.02,0.2
user_0068,-37.815402,144.968621,303676,1.074,58.65,0.341
user_0069,-37.820423,144.955592,304363,0.306,100.12,0.691
user_0070,-37.816363,144.957518,135306,0.677,201.8,0.373
user_0071,-37.811145,144.95869,9009845,0.961,245.29,0.697
user_0072,-37.814912,144.967245,301386,1.2,185.32,0.193
user_0073,-37.812814,144.959642,134901,0.734,248.15,0.448
user_0074,-37.816093,144.959515,34603,1.176,192.74,0.134
user_0075,-37.814427,144.96186,134822,1.252,131.22,0.612
user_0076,-37.815288,144.957557,9014611,0.483,246.16,0.148
user_0077,-37.812624,144.95432,304366,0.534,154.35,0.505
user_0078,-37.814345,144.966172,135330,0.623,35.09,0.634
user_0079,-37.813412,144.963345,303712,0.643,154.22,0.472
user_0080,-37.818635,144.954124,11581,0.955,151.5,0.414
user_0081,-37.814614,144.959404,9014611,1.882,56.27,0.53
user_0082,-37.811873,144.959906,303255,0.63,104.34,0.503
user_0083,-37.813596,144.965662,301383,0.74,84.36,0.551
user_0084,-37.81665,144.962438,11571,0.331,120.03,0.699
user_0085,-37.813837,144.96786,134565,1.993,23.39,0.228
user_0086,-37.810271,144.961486,301895,0.677,239.25,0.629
user_0087,-37.817281,144.954706,11581,1.783,97.75,0.195
user_0088,-37.81073,144.96465,302517,1.701,181.59,0.467
user_0089,-37.809379,144.966617,134754,1.977,169.15,0.105
user_0090,-37.815424,144.971121,135237,1.671,80.14,0.498
user_0091,-37.814282,144.955802,135143,1.89,38.71,0.169
user_0092,-37.81399,144.955264,135143,0.393,143.86,0.263
user_0093,-37.81269,144.970019,134317,1.289,185.12,0.222
user_0094,-37.817043,144.965746,9014605,1.342,71.26,0.393
user_0095,-37.809934,144.968032,101381,1.83,217.37,0.155
user_0096,-37.813366,144.965268,51718,0.962,74.45,0.102
user_0097,-37.812076,144.958907,303255,1.588,164.92,0.257
user_0098,-37.813864,144.967153,135330,1.534,143.47,0.357
user_0099,-37.815256,144.96707,301386,0.217,23.89,0.63
user_0100,-37.810228,144.965625,134754,1.827,141.94,0.601
user_0101,-37.815828,144.970149,135237,1.249,42.17,0.176
user_0102,-37.812824,144.967087,134565,0.755,230.64,0.578
user_0103,-37.813534,144.970897,302571,1.749,230.63,0.226
user_0104,-37.8171,144.966642,301645,0.649,30.8,0.568
user_0105,-37.81361,144.963824,303712,1.791,107.0,0.472
user_0106,-37.816162,144.955159,9001289,0.478,238.4,0.619
user_0107,-37.813438,144.954321,135011,1.957,208.5,0.629
user_0108,-37.813814,144.95682,135390,0.245,189.88,0.299
user_0109,-37.812197,144.958464,101373,1.875,206.36,0.618
user_0110,-37.816853,144.965831,9014605,1.659,71.97,0.572
user_0111,-37.810772,144.961767,134454,0.395,223.91,0.615
user_0112,-37.815822,144.954473,9001289,0.6,209.96,0.376
user_0113,-37.8122,144.962,9013096,0.749,204.63,0.237
user_0114,-37.814535,144.966903,135330,0.243,53.48,0.297
user_0115,-37.811127,144.97038,49630,1.756,247.69,0.267
user_0116,-37.818782,144.960836,134980,1.355,105.32,0.689
user_0117,-37.808874,144.966955,101381,1.165,240.75,0.169
user_0118,-37.814141,144.973009,304369,1.947,49.82,0.678
user_0119,-37.811454,144.960335,9009845,0.678,32.21,0.361
user_0120,-37.81715,144.95967,304364,1.511,83.73,0.464
user_0121,-37.811843,144.971987,304368,1.121,101.68,0.446
user_0122,-37.814369,144.974403,304744,0.659,182.91,0.101
user_0123,-37.816369,144.967822,301645,1.866,140.15,0.532
user_0124,-37.81411,144.961103,134822,1.536,173.33,0.319
user_0125,-37.812582,144.959537,303255,0.326,171.72,0.298
user_0126,-37.818864,144.955422,9009844,0.765,217.85,0.532
user_0127,-37.810589,144.96344,50151,0.741,82.63,0.345
user_0128,-37.814265,144.962325,303712,0.924,79.21,0.176
user_0129,-37.818022,144.956185,301205,0.957,241.03,0.506
user_0130,-37.813274,144.952788,9026103,1.825,159.49,0.281
user_0131,-37.809422,144.969489,101381,1.186,5.1,0.272
user_0132,-37.808388,144.969576,101381,0.974,150.58,0.493
user_0133,-37.816162,144.957699,135306,1.037,115.98,0.228
user_0134,-37.810069,144.968769,9009843,1.052,231.2,0.578
user_0135,-37.818786,144.955933,134547,0.505,26.28,0.409
user_0136,-37.819558,144.959295,134923,1.339,89.13,0.591
user_0137,-37.810226,144.967264,134754,1.552,173.87,0.235
user_0138,-37.811433,144.962553,134906,0.558,11.13,0.247
user_0139,-37.818635,144.95879,53003,1.055,218.28,0.144
user_0140,-37.812074,144.957395,135045,0.946,163.07,0.217
user_0141,-37.809855,144.970586,302854,1.453,129.09,0.246
user_0142,-37.813661,144.963383,303712,1.381,6.39,0.551
user_0143,-37.814056,144.95919,130005,1.586,31.75,0.355
user_0144,-37.817827,144.963299,134554,0.517,245.45,0.411
user_0145,-37.810005,144.970447,302854,0.29,67.55,0.609
user_0146,-37.815511,144.966759,301386,1.022,206.16,0.501
user_0147,-37.81798,144.957408,11579,1.978,154.46,0.67
user_0148,-37.814944,144.956539,11593,1.805,158.78,0.532
user_0149,-37.816628,144.953784,9001289,1.109,213.47,0.429
user_0150,-37.811229,144.967229,134754,1.815,191.66,0.385
user_0151,-37.81126,144.961341,134454,0.667,67.06,0.483
user_0152,-37.8152,144.9632,135009,1.578,135.85,0.476
user_0153,-37.811785,144.972583,304368,0.694,24.45,0.271
user_0154,-37.812139,144.958204,101373,0.689,85.25,0.424
user_0155,-37.814979,144.956646,11593,0.449,63.05,0.516
user_0156,-37.814388,144.973875,304369,1.472,21.12,0.345
user_0157,-37.817178,144.963766,44101,1.177,109.36,0.224
user_0158,-37.815484,144.957198,11593,0.956,232.11,0.45
user_0159,-37.813544,144.969477,301240,1.452,220.04,0.559
user_0160,-37.809612,144.964883,301896,0.885,6.48,0.311
user_0161,-37.818623,144.958339,134245,1.556,219.22,0.672
user_0162,-37.817751,144.958713,303710,0.954,192.63,0.428
user_0163,-37.812818,144.973628,134733,1.286,60.36,0.232
user_0164,-37.817408,144.963039,134554,0.985,12.29,0.302
user_0165,-37.81393,144.970733,302571,1.422,106.48,0.199
user_0166,-37.820868,144.95555,304363,1.041,37.03,0.473
user_0167,-37.809991,144.968687,101381,0.249,103.9,0.439
user_0168,-37.816175,144.970222,135237,0.249,166.33,0.181
user_0169,-37.815889,144.966133,301645,1.031,17.62,0.327
user_0170,-37.814,144.9633,303712,0.581,87.04,0.557
user_0171,-37.807978,144.970525,461423,0.882,193.75,0.599
user_0172,-37.81325,144.972866,134733,0.654,25.56,0.112
user_0173,-37.811523,144.969165,130439,1.171,255.98,0.31
user_0174,-37.812937,144.954629,135011,1.37,201.09,0.491
user_0175,-37.810809,144.963664,302517,1.558,243.35,0.22
user_0176,-37.81598,144.954589,9001289,0.237,43.25,0.176
user_0177,-37.816799,144.969013,10004167,1.405,146.56,0.231
user_0178,-37.814151,144.959652,130005,1.459,197.49,0.201
user_0179,-37.808847,144.969839,101381,1.293,192.73,0.169
user_0180,-37.814701,144.957446,135390,1.675,247.14,0.165
user_0181,-37.815001,144.972972,305394,0.246,83.3,0.506
user_0182,-37.810671,144.972454,50226,1.925,104.56,0.529
user_0183,-37.815589,144.972497,305394,0.337,178.34,0.476
user_0184,-37.816208,144.957682,135306,0.383,198.89,0.61
user_0185,-37.816377,144.96114,51590,1.281,35.38,0.69
user_0186,-37.817472,144.965424,134403,1.609,92.15,0.357
user_0187,-37.813515,144.958509,130005,0.867,132.0,0.305
user_0188,-37.812815,144.963312,134574,1.729,211.41,0.163
user_0189,-37.814411,144.954253,135143,1.929,164.53,0.597
user_0190,-37.819226,144.958529,53003,1.473,114.31,0.54
user_0191,-37.813674,144.96366,303712,1.938,72.79,0.585
user_0192,-37.82032,144.957423,134872,1.169,126.36,0.361
user_0193,-37.815349,144.963193,135009,1.516,72.37,0.611
user_0194,-37.809873,144.972203,302923,1.695,26.75,0.629
user_0195,-37.8181,144.957,10004576,0.639,121.64,0.466
user_0196,-37.816919,144.960026,304364,0.882,12.2,0.611
user_0197,-37.813694,144.963819,303712,0.527,58.24,0.579
user_0198,-37.817253,144.961355,9015396,0.813,225.96,0.521
user_0199,-37.812025,144.961053,9013096,0.697,7.55,0.669
user_0200,-37.814045,144.952188,9026103,0.354,185.74,0.393
user_0201,-37.813951,144.958425,135390,1.565,178.34,0.488
user_0202,-37.814623,144.957791,135390,1.083,204.03,0.156
user_0203,-37.816815,144.968428,10004167,0.599,178.64,0.284
user_0204,-37.813087,144.959044,130005,1.247,123.79,0.419
user_0205,-37.811354,144.972423,50226,0.966,192.23,0.298
user_0206,-37.814369,144.951903,10003027,1.465,73.0,0.251
user_0207,-37.815885,144.972347,135073,0.417,53.34,0.172
user_0208,-37.813996,144.956723,135390,1.165,196.31,0.211
user_0209,-37.813784,144.970126,302571,0.589,126.53,0.535
user_0210,-37.816408,144.969342,10004167,1.958,136.68,0.27
user_0211,-37.809036,144.970963,461423,0.381,53.72,0.236
user_0212,-37.815879,144.96825,303676,0.523,8.55,0.42
user_0213,-37.810701,144.962006,134454,0.694,249.55,0.432
user_0214,-37.814957,144.963821,51622,1.455,36.7,0.621
user_0215,-37.815387,144.966328,134386,1.084,224.05,0.444
user_0216,-37.818059,144.962315,11600,1.045,115.56,0.211
user_0217,-37.813506,144.972468,134733,0.292,241.21,0.387
user_0218,-37.811253,144.968322,130439,1.68,105.58,0.144
user_0219,-37.816058,144.95719,135306,1.333,18.46,0.19
user_0220,-37.813953,144.955124,135143,1.213,81.26,0.696
user_0221,-37.820331,144.955312,304363,0.413,196.88,0.464
user_0222,-37.819112,144.955542,134547,1.623,61.65,0.414
user_0223,-37.820483,144.957124,134872,1.011,116.12,0.616
user_0224,-37.814364,144.959273,130005,1.982,81.65,0.473
user_0225,-37.813572,144.955398,101636,1.297,190.76,0.669
user_0226,-37.810994,144.965045,301361,0.574,57.97,0.496
user_0227,-37.809392,144.969212,101381,0.483,48.63,0.145
user_0228,-37.818855,144.954312,9009844,0.205,118.08,0.456
user_0229,-37.814607,144.973061,305394,0.724,63.1,0.524
user_0230,-37.818115,144.953986,11581,1.465,118.96,0.512
user_0231,-37.812965,144.961832,9013096,1.863,202.74,0.475
user_0232,-37.813099,144.953852,135011,1.39,239.35,0.355
user_0233,-37.817438,144.959175,134449,1.18,167.56,0.645
user_0234,-37.812545,144.971035,10003238,1.688,22.92,0.2
user_0235,-37.813118,144.967808,134565,0.754,192.99,0.442
user_0236,-37.811657,144.958063,101373,0.719,36.21,0.513
user_0237,-37.820363,144.95496,304363,1.46,241.61,0.4
user_0238,-37.815523,144.972914,305394,1.089,25.19,0.124
user_0239,-37.813108,144.966873,301383,0.978,85.9,0.25
user_0240,-37.813335,144.961487,134680,0.364,246.44,0.602
user_0241,-37.813664,144.967197,301383,1.235,243.65,0.7
user_0242,-37.815492,144.955892,11591,1.41,72.65,0.124
user_0243,-37.819588,144.955458,9009844,1.561,123.1,0.491
user_0244,-37.814216,144.971435,51576,1.849,50.55,0.451
user_0245,-37.816729,144.967584,301645,1.343,128.42,0.155
user_0246,-37.817167,144.962135,11600,0.826,88.66,0.502
user_0247,-37.811254,144.960167,9009845,1.744,87.78,0.516
user_0248,-37.81099,144.971329,135213,0.719,242.24,0.588
user_0249,-37.81515,144.953765,404118,1.19,119.16,0.289
user_0250,-37.809486,144.965438,301896,0.782,248.52,0.343
user_0251,-37.809089,144.967291,101381,1.126,253.02,0.495
user_0252,-37.811618,144.959431,9009845,1.177,108.73,0.213
user_0253,-37.811593,144.970684,301393,0.851,194.87,0.475
user_0254,-37.814079,144.9641,304434,1.568,56.09,0.43
user_0255,-37.816009,144.965224,9014605,1.87,114.97,0.519
user_0256,-37.81855,144.955424,301205,0.419,249.26,0.465
user_0257,-37.812502,144.96086,134680,0.631,44.75,0.431
user_0258,-37.813328,144.964182,51718,1.194,28.4,0.695
user_0259,-37.816172,144.960763,206082,1.843,120.82,0.17
user_0260,-37.8133,144.962383,9013096,1.698,130.09,0.53
user_0261,-37.812484,144.97236,10003238,1.116,73.63,0.601
user_0262,-37.814132,144.97153,51576,1.964,66.18,0.431
user_0263,-37.813879,144.967714,134565,0.89,236.39,0.405
user_0264,-37.8136,144.963,303712,1.783,221.87,0.266
user_0265,-37.817065,144.964251,9014989,1.622,109.15,0.661
user_0266,-37.813416,144.957396,135390,1.114,210.96,0.27
user_0267,-37.814903,144.971858,134453,0.737,152.32,0.699
user_0268,-37.812758,144.963174,134574,1.081,42.3,0.423
user_0269,-37.816507,144.955045,9001289,0.821,143.53,0.426
user_0270,-37.813457,144.96362,303712,1.02,85.77,0.213
user_0271,-37.812995,144.96111,134680,1.455,148.52,0.24
user_0272,-37.813548,144.966322,301383,1.596,15.96,0.547
user_0273,-37.819044,144.961351,134980,1.469,208.66,0.332
user_0274,-37.815198,144.971576,134453,1.395,211.01,0.688
user_0275,-37.811113,144.959536,9009845,1.092,14.29,0.401
user_0276,-37.81151,144.971617,304368,1.262,223.29,0.625
user_0277,-37.814298,144.967194,135330,0.993,137.01,0.374
user_0278,-37.809181,144.970388,461423,1.5,107.9,0.493
user_0279,-37.815647,144.953046,10003027,0.478,122.84,0.682
user_0280,-37.809294,144.972082,302923,0.809,178.87,0.49
user_0281,-37.8148,144.963,135009,1.733,218.94,0.616
user_0282,-37.814585,144.971013,134453,0.884,84.48,0.531
user_0283,-37.815046,144.968482,303676,1.567,223.97,0.122
user_0284,-37.812501,144.959521,303255,0.323,163.42,0.653
user_0285,-37.817395,144.957555,11579,1.995,192.44,0.36
user_0286,-37.810533,144.965844,134754,0.377,164.07,0.624
user_0287,-37.816822,144.962856,44101,0.999,179.19,0.642
user_0288,-37.80946,144.970667,461423,0.283,204.83,0.276
user_0289,-37.812463,144.954116,304366,0.875,41.54,0.419
user_0290,-37.81039,144.969127,9009843,1.219,203.92,0.202
user_0291,-37.811155,144.959477,9009845,0.342,223.58,0.472
user_0292,-37.817003,144.953978,11581,0.633,234.12,0.186
user_0293,-37.811406,144.960567,9009845,1.03,68.75,0.253
user_0294,-37.811037,144.966184,134754,0.217,206.96,0.641
user_0295,-37.8172,144.965,9014605,1.42,44.65,0.365
user_0296,-37.81472,144.962814,135009,0.822,152.48,0.483
user_0297,-37.817771,144.958393,303710,0.964,67.77,0.607
user_0298,-37.809695,144.964744,301896,0.559,101.56,0.39
user_0299,-37.813635,144.954249,135143,0.627,148.55,0.445
user_0300,-37.816716,144.969861,10004167,1.987,79.1,0.687
user_0301,-37.813931,144.957971,135390,1.385,73.89,0.44
user_0302,-37.814309,144.953761,135143,1.434,191.91,0.129
user_0303,-37.810681,144.971961,135213,1.292,129.68,0.642
user_0304,-37.811483,144.966939,134754,0.715,205.51,0.464
user_0305,-37.816686,144.966859,301645,0.834,164.79,0.473
user_0306,-37.813633,144.973243,304369,1.42,185.95,0.496
user_0307,-37.81664,144.955556,11591,1.709,162.69,0.642
user_0308,-37.8136,144.972,50686,1.363,82.54,0.364
user_0309,-37.814359,144.972323,134360,1.243,188.82,0.154
user_0310,-37.816868,144.965042,9014605,0.731,192.62,0.205
user_0311,-37.814031,144.958855,130005,0.438,140.39,0.683
user_0312,-37.812715,144.973095,134733,1.156,234.29,0.598
user_0313,-37.812106,144.966353,135253,0.663,212.0,0.389
user_0314,-37.815229,144.96694,301386,1.652,192.39,0.303
user_0315,-37.812355,144.967035,130439,0.407,246.69,0.184
user_0316,-37.8161,144.956,11591,1.94,220.9,0.535
user_0317,-37.814651,144.972529,134360,1.964,247.78,0.583
user_0318,-37.811538,144.970142,134317,0.858,203.46,0.108
user_0319,-37.812189,144.958606,101373,1.166,119.15,0.504
user_0320,-37.813194,144.960817,134680,1.41,151.72,0.593
user_0321,-37.809563,144.970187,461423,1.893,32.19,0.24
user_0322,-37.814639,144.967121,135330,0.245,226.94,0.437
user_0323,-37.815875,144.964943,301382,1.847,60.56,0.138
user_0324,-37.8187,144.958,134245,1.683,233.26,0.281
user_0325,-37.817712,144.954494,11581,0.935,40.08,0.668
user_0326,-37.813617,144.97404,304369,0.748,128.65,0.158
user_0327,-37.813423,144.965687,301383,1.797,39.05,0.372
user_0328,-37.813329,144.96272,303712,1.407,191.53,0.668
user_0329,-37.814524,144.959277,9014611,0.954,191.31,0.193
user_0330,-37.819086,144.957161,11599,0.947,29.85,0.394
user_0331,-37.816627,144.954461,9001289,0.935,243.83,0.12
user_0332,-37.815546,144.953822,9001289,0.867,116.29,0.67
user_0333,-37.811426,144.964375,302517,1.74,29.94,0.511
user_0334,-37.819675,144.955387,304363,1.18,250.44,0.315
user_0335,-37.816248,144.971443,9002262,0.917,52.64,0.173
user_0336,-37.82,144.957048,134872,1.726,119.13,0.498
user_0337,-37.811246,144.969659,49630,1.355,154.88,0.113
user_0338,-37.815379,144.963279,135009,1.616,66.14,0.176
user_0339,-37.814032,144.961095,134822,1.216,22.22,0.559
user_0340,-37.811828,144.966542,134754,0.573,59.2,0.622
user_0341,-37.815026,144.965544,135330,0.791,42.04,0.64
user_0342,-37.809694,144.9715,302923,0.205,220.46,0.187
user_0343,-37.810905,144.967638,134754,0.434,67.91,0.205
user_0344,-37.812033,144.970566,134317,1.39,11.47,0.109
user_0345,-37.817374,144.961234,9015396,1.622,64.72,0.294
user_0346,-37.813636,144.959775,130005,0.514,18.15,0.545
user_0347,-37.816898,144.959452,134449,1.147,192.16,0.386
user_0348,-37.81871,144.956339,134547,1.6,133.82,0.165
user_0349,-37.81444,144.974068,304744,1.107,242.3,0.126
user_0350,-37.817669,144.965418,134403,1.61,222.61,0.413
user_0351,-37.819044,144.956991,134547,1.024,246.97,0.136
user_0352,-37.813464,144.970563,302571,1.062,105.81,0.512
user_0353,-37.814749,144.957367,135390,1.082,233.33,0.144
user_0354,-37.8126,144.955,101636,0.345,157.68,0.139
user_0355,-37.813268,144.97056,302571,0.695,163.9,0.429
user_0356,-37.812863,144.959232,134901,0.785,254.65,0.418
user_0357,-37.814367,144.954335,135143,1.017,156.96,0.16
user_0358,-37.81839,144.963437,301208,1.463,219.05,0.491
user_0359,-37.810993,144.963444,49873,1.584,185.93,0.229
user_0360,-37.809477,144.969097,101381,1.013,62.35,0.303
user_0361,-37.811436,144.967498,134754,1.016,109.41,0.157
user_0362,-37.811159,144.959008,9009845,0.968,171.94,0.325
user_0363,-37.8149,144.963,135009,0.475,236.67,0.14
user_0364,-37.811948,144.96553,301361,1.697,28.4,0.158
user_0365,-37.807989,144.970295,461423,1.53,208.75,0.434
user_0366,-37.816408,144.955032,9001289,1.256,145.96,0.298
user_0367,-37.813671,144.95392,9026103,0.42,93.75,0.499
user_0368,-37.818405,144.956721,304371,1.551,222.89,0.533
user_0369,-37.813197,144.952663,9026103,1.943,155.7,0.311
user_0370,-37.820055,144.957393,134872,1.24,58.4,0.494
user_0371,-37.818232,144.956184,301205,0.604,32.16,0.607
user_0372,-37.810172,144.970031,9009843,0.862,196.41,0.444
user_0373,-37.810698,144.967733,134754,1.653,217.13,0.685
user_0374,-37.818987,144.957557,134245,1.673,159.01,0.486
user_0375,-37.817146,144.968147,10004167,0.247,238.2,0.598
user_0376,-37.813513,144.955028,101636,0.681,50.28,0.522
user_0377,-37.813385,144.968998,301240,0.756,90.3,0.104
user_0378,-37.814795,144.95762,9014611,1.766,147.15,0.34
user_0379,-37.810355,144.963005,50151,0.455,163.93,0.118
user_0380,-37.817785,144.962353,11600,1.543,59.0,0.352
user_0381,-37.808989,144.970293,461423,0.814,97.88,0.533
user_0382,-37.812805,144.962618,9013096,1.598,147.47,0.151
user_0383,-37.810354,144.968907,9009843,0.295,44.51,0.471
user_0384,-37.812203,144.957512,302516,1.413,73.3,0.497
user_0385,-37.811878,144.970805,301393,1.074,115.95,0.264
user_0386,-37.814904,144.960603,134822,1.559,33.57,0.358
user_0387,-37.816928,144.96749,301645,0.71,175.3,0.392
user_0388,-37.814995,144.952262,10003027,1.401,16.4,0.337
user_0389,-37.814378,144.967959,301388,1.279,6.93,0.281
user_0390,-37.807937,144.971527,304060,0.58,39.45,0.253
user_0391,-37.813653,144.95846,130005,0.791,6.94,0.548
user_0392,-37.815904,144.966197,301645,0.516,100.43,0.522
user_0393,-37.81468,144.956807,135390,1.1,214.17,0.584
user_0394,-37.811376,144.969467,49630,0.33,221.3,0.125
user_0395,-37.8166,144.962,303652,0.234,236.21,0.617
user_0396,-37.813109,144.969606,301240,1.236,148.92,0.526
user_0397,-37.816944,144.957098,135306,0.952,33.91,0.113
user_0398,-37.811751,144.968751,130439,0.785,206.13,0.471
user_0399,-37.811976,144.965191,301361,1.698,235.86,0.153
user_0400,-37.813137,144.96816,134565,1.72,66.07,0.453
user_0401,-37.814998,144.9639,51622,1.143,104.34,0.286
user_0402,-37.814837,144.967583,301386,0.811,88.6,0.201
user_0403,-37.812329,144.959686,303255,1.119,33.62,0.406
user_0404,-37.812365,144.961727,9013096,1.831,92.69,0.536
user_0405,-37.814391,144.961744,134822,1.674,209.57,0.242
user_0406,-37.817866,144.96282,134554,0.464,54.52,0.461
user_0407,-37.816825,144.96689,301645,1.568,169.53,0.206
user_0408,-37.817553,144.957585,11579,1.591,129.02,0.553
user_0409,-37.811936,144.96674,134754,1.568,117.68,0.654
user_0410,-37.816242,144.965408,9014605,1.216,164.46,0.475
user_0411,-37.816721,144.959856,34603,1.756,162.43,0.191
user_0412,-37.815467,144.963192,135009,0.323,115.99,0.282
user_0413,-37.816869,144.953878,9001289,0.694,19.1,0.404
user_0414,-37.815526,144.96044,134822,0.759,118.43,0.134
user_0415,-37.814636,144.967164,135330,1.697,24.26,0.619
user_0416,-37.815601,144.972754,305394,1.74,159.37,0.404
user_0417,-37.815,144.963,135009,1.033,144.13,0.575
user_0418,-37.820293,144.955366,304363,1.813,117.88,0.586
user_0419,-37.814128,144.966745,135330,1.373,85.7,0.385
user_0420,-37.81955,144.959651,134923,0.472,20.53,0.162
user_0421,-37.817746,144.954666,11581,1.818,91.2,0.529
user_0422,-37.809553,144.96395,301896,1.108,48.31,0.249
user_0423,-37.817916,144.955681,301205,0.988,115.29,0.414
user_0424,-37.809681,144.964901,301896,0.486,98.59,0.27
user_0425,-37.808809,144.969529,101381,0.936,89.93,0.459
user_0426,-37.811817,144.965958,301361,1.621,167.47,0.14
user_0427,-37.813489,144.955661,101636,0.37,175.27,0.27
user_0428,-37.8166,144.96,206082,1.503,169.8,0.644
user_0429,-37.814547,144.969936,301388,1.772,88.67,0.45
user_0430,-37.815286,144.964134,301382,0.455,92.81,0.681
user_0431,-37.818251,144.963995,301208,1.457,103.38,0.457
user_0432,-37.81306,144.96324,303712,1.888,82.71,0.326
user_0433,-37.810258,144.9668,134754,1.625,209.11,0.502
user_0434,-37.818901,144.958628,53003,1.692,190.43,0.511
user_0435,-37.809938,144.971359,135213,1.148,167.15,0.354
user_0436,-37.812521,144.967025,130439,0.851,96.01,0.208
user_0437,-37.816518,144.957849,135231,0.586,242.86,0.392
user_0438,-37.816829,144.95318,9001289,0.608,39.53,0.146
user_0439,-37.8107,144.97,49630,1.72,30.39,0.563
user_0440,-37.819088,144.961002,301658,1.703,226.8,0.123
user_0441,-37.809806,144.964664,301896,0.806,197.34,0.179
user_0442,-37.814824,144.959092,9014611,0.878,45.72,0.599
user_0443,-37.814097,144.953354,9026103,1.588,208.07,0.199
user_0444,-37.813977,144.971718,51576,0.988,108.13,0.506
user_0445,-37.811099,144.971783,50226,0.628,116.49,0.271
user_0446,-37.808482,144.969223,101381,1.547,117.68,0.42
user_0447,-37.814213,144.972555,134360,0.757,207.96,0.381
user_0448,-37.812221,144.964374,134329,1.703,97.33,0.668
user_0449,-37.81628,144.963789,9014989,1.972,120.88,0.269
user_0450,-37.812165,144.968899,130439,0.887,137.39,0.68
user_0451,-37.811686,144.958014,101373,1.67,206.12,0.183
user_0452,-37.813205,144.964275,51718,0.65,165.94,0.624
user_0453,-37.813146,144.957496,135390,1.198,30.75,0.608
user_0454,-37.809024,144.965575,301896,1.732,76.55,0.558
user_0455,-37.814125,144.967294,135330,0.691,232.23,0.188
user_0456,-37.814364,144.957509,135390,0.987,242.55,0.233
user_0457,-37.816307,144.956411,11591,1.012,92.75,0.116
user_0458,-37.810298,144.961332,301895,0.296,131.0,0.241
user_0459,-37.814804,144.968822,301388,1.99,99.1,0.117
user_0460,-37.809902,144.968101,101381,1.875,215.63,0.49
user_0461,-37.811,144.962,134454,1.624,39.54,0.272
user_0462,-37.814066,144.965739,135330,1.694,179.71,0.183
user_0463,-37.819963,144.957446,134872,1.47,117.6,0.103
user_0464,-37.810335,144.964919,301896,0.343,69.24,0.601
user_0465,-37.812586,144.973468,134733,1.188,187.54,0.417
user_0466,-37.811979,144.959062,9009845,0.4,77.31,0.281
user_0467,-37.815258,144.963287,135009,0.286,110.38,0.576
user_0468,-37.815399,144.953011,10003027,1.023,32.83,0.643
user_0469,-37.820177,144.957405,134872,1.274,9.13,0.409
user_0470,-37.818375,144.959945,11601,0.635,41.04,0.358
user_0471,-37.816386,144.955571,11591,1.307,65.38,0.35
user_0472,-37.813265,144.958167,135390,1.396,26.49,0.685
user_0473,-37.813757,144.962142,303712,0.322,137.04,0.404
user_0474,-37.812591,144.956356,42987,1.979,144.09,0.334
user_0475,-37.814853,144.968247,303676,1.046,164.55,0.689
user_0476,-37.812748,144.967146,134565,0.657,9.08,0.573
user_0477,-37.808253,144.970685,461423,0.821,188.97,0.477
user_0478,-37.816745,144.967653,301645,1.589,189.53,0.3
user_0479,-37.8159,144.965,301382,0.28,142.05,0.588
user_0480,-37.813273,144.961867,9013096,0.515,200.56,0.379
user_0481,-37.816753,144.959617,34603,1.452,163.57,0.587
user_0482,-37.811698,144.959575,9009845,0.314,199.82,0.375
user_0483,-37.816089,144.955399,11591,0.728,16.0,0.22
user_0484,-37.814667,144.972612,134360,0.275,239.28,0.409
user_0485,-37.8181,144.962,11600,1.98,141.3,0.252
user_0486,-37.811541,144.965857,301361,1.556,52.97,0.314
user_0487,-37.811216,144.967489,134754,1.606,222.32,0.299
user_0488,-37.815229,144.974171,304744,0.424,97.37,0.634
user_0489,-37.813537,144.959347,130005,1.538,229.55,0.332
user_0490,-37.81208,144.960998,9013096,1.953,129.55,0.399
user_0491,-37.812054,144.968348,130439,1.864,135.34,0.581
user_0492,-37.815418,144.958595,9014611,1.509,24.81,0.461
user_0493,-37.812937,144.955576,101636,1.68,141.91,0.293
user_0494,-37.816632,144.962239,303652,0.344,170.89,0.284
user_0495,-37.814267,144.971492,51576,1.285,111.96,0.514
user_0496,-37.813519,144.96334,303712,0.833,15.63,0.622
user_0497,-37.811783,144.966711,134754,0.835,255.54,0.265
user_0498,-37.814582,144.973453,305394,1.964,242.92,0.145
user_0499,-37.811359,144.960533,9009845,1.348,96.19,0.581
user_0500,-37.811868,144.964194,302517,1.423,244.15,0.186
user_0501,-37.819106,144.956194,134547,1.294,201.11,0.121
user_0502,-37.814673,144.953089,10003027,0.321,200.41,0.32
user_0503,-37.812814,144.955133,101636,0.889,147.38,0.463
user_0504,-37.819734,144.955929,304363,1.422,243.15,0.323
user_0505,-37.810759,144.968921,9009843,1.574,149.05,0.418
user_0506,-37.81443,144.961954,134822,0.916,168.04,0.25
user_0507,-37.809593,144.964778,301896,0.404,189.65,0.399
user_0508,-37.819832,144.958888,53003,0.897,145.98,0.257
user_0509,-37.812876,144.960463,134680,0.669,117.01,0.698
user_0510,-37.811824,144.958415,101373,0.714,235.04,0.395
user_0511,-37.813471,144.959948,130005,0.421,219.06,0.371
user_0512,-37.810497,144.963776,50151,1.818,116.72,0.153
user_0513,-37.813342,144.961677,9013096,1.427,217.23,0.292
user_0514,-37.815287,144.965238,301382,0.825,21.3,0.425
user_0515,-37.816459,144.962978,44101,1.804,218.69,0.527
user_0516,-37.816183,144.970576,9002262,1.869,165.06,0.576
user_0517,-37.817911,144.955322,301205,1.116,35.46,0.221
user_0518,-37.810852,144.962695,49873,0.45,203.38,0.116
user_0519,-37.812383,144.957466,302516,1.197,97.6,0.582
user_0520,-37.813249,144.964402,51718,1.193,158.6,0.152
user_0521,-37.812896,144.953545,9026103,0.757,255.9,0.531
user_0522,-37.812548,144.961893,9013096,1.146,198.06,0.594
user_0523,-37.813637,144.958285,135390,0.333,249.07,0.485
user_0524,-37.817283,144.967134,301645,1.01,175.71,0.307
user_0525,-37.814557,144.957596,135390,1.78,200.85,0.484
user_0526,-37.8144,144.956556,135390,0.528,247.53,0.36
user_0527,-37.814839,144.974325,304744,1.839,18.91,0.174
user_0528,-37.810901,144.970838,49630,0.475,46.33,0.294
user_0529,-37.812746,144.96763,134565,1.477,91.85,0.665
user_0530,-37.811542,144.968525,130439,1.811,217.33,0.25
user_0531,-37.810842,144.970987,49630,1.343,143.26,0.175
user_0532,-37.815225,144.967789,301386,0.745,138.9,0.402
user_0533,-37.820449,144.956195,304363,0.504,241.34,0.193
user_0534,-37.816424,144.969175,10004167,1.386,185.88,0.463
user_0535,-37.81569,144.971271,9002262,1.717,146.47,0.595
user_0536,-37.81933,144.959401,134923,0.251,16.41,0.485
user_0537,-37.813505,144.960248,130005,1.238,168.43,0.56
user_0538,-37.817384,144.964604,301208,0.95,165.39,0.399
user_0539,-37.817726,144.962654,134554,1.329,77.71,0.674
user_0540,-37.81629,144.968982,10004167,1.069,206.98,0.511
user_0541,-37.814172,144.970478,51576,0.735,23.32,0.136
user_0542,-37.808856,144.970618,461423,0.991,126.55,0.222
user_0543,-37.817293,144.959381,134449,1.292,83.46,0.531
user_0544,-37.813174,144.966525,301383,1.522,221.06,0.685
user_0545,-37.819088,144.959538,134923,0.435,98.01,0.437
user_0546,-37.816272,144.957211,135306,0.774,122.08,0.26
user_0547,-37.820101,144.958046,134872,0.646,29.3,0.274
user_0548,-37.8168,144.966,301645,0.891,159.46,0.249
user_0549,-37.813314,144.959087,130005,1.758,45.08,0.296
user_0550,-37.807982,144.969873,101381,1.24,83.49,0.558
user_0551,-37.813839,144.95239,9026103,1.097,134.2,0.399
user_0552,-37.812323,144.966087,135253,0.755,10.82,0.667
user_0553,-37.813528,144.97137,302571,1.11,247.64,0.229
user_0554,-37.81612,144.953749,9001289,0.835,17.69,0.397
user_0555,-37.814131,144.969106,301388,1.788,169.22,0.382
user_0556,-37.817866,144.95828,134245,1.166,217.64,0.359
user_0557,-37.814355,144.972059,134360,1.788,187.6,0.558
user_0558,-37.811991,144.968146,130439,0.859,105.55,0.442
user_0559,-37.811556,144.968267,130439,0.55,143.86,0.144
user_0560,-37.81449,144.97349,304369,1.108,196.87,0.268
user_0561,-37.808185,144.96883,101381,1.98,175.78,0.171
user_0562,-37.81202,144.957256,135045,1.955,103.87,0.577
user_0563,-37.81623,144.970219,135237,0.81,240.68,0.553
user_0564,-37.819123,144.957923,53003,0.558,132.79,0.4
user_0565,-37.809413,144.966486,134754,0.282,39.4,0.3
user_0566,-37.815375,144.958963,9014611,1.053,119.7,0.464
user_0567,-37.809513,144.970794,461423,1.128,87.32,0.468
user_0568,-37.817028,144.967902,10004167,0.493,253.64,0.544
user_0569,-37.814616,144.954887,135143,0.739,89.43,0.597
user_0570,-37.809827,144.963674,134990,1.158,182.89,0.28
user_0571,-37.812712,144.965897,135253,1.668,97.46,0.504
user_0572,-37.815287,144.968595,303676,1.964,151.51,0.578
user_0573,-37.816917,144.96779,10004167,1.506,177.7,0.116
user_0574,-37.813741,144.971231,302571,1.054,247.73,0.57
user_0575,-37.808748,144.967602,101381,1.597,149.99,0.533
user_0576,-37.810888,144.972441,50226,1.25,47.8,0.477
user_0577,-37.813117,144.962096,9013096,1.316,216.13,0.189
user_0578,-37.812856,144.96893,301240,1.425,12.92,0.669
user_0579,-37.818959,144.961913,306249,0.398,9.75,0.288
user_0580,-37.814448,144.969816,301388,0.473,178.32,0.346
user_0581,-37.8184,144.957,11599,1.595,236.05,0.624
user_0582,-37.817845,144.960307,11601,1.525,20.63,0.183
user_0583,-37.814835,144.966233,135330,0.573,86.59,0.497
user_0584,-37.815743,144.971174,9002262,1.146,83.75,0.204
user_0585,-37.812574,144.963316,134574,1.842,90.92,0.313
user_0586,-37.810192,144.967801,134754,1.59,185.95,0.486
user_0587,-37.813792,144.952933,9026103,1.448,158.13,0.215
user_0588,-37.816153,144.958601,304562,0.644,145.08,0.235
user_0589,-37.81274,144.952882,9026103,1.951,79.7,0.273
user_0590,-37.811811,144.9623,134574,0.573,181.95,0.29
user_0591,-37.813532,144.967208,301383,0.828,239.36,0.577
user_0592,-37.813555,144.970084,302571,0.692,35.59,0.506
user_0593,-37.816877,144.961274,134941,0.883,251.02,0.591
user_0594,-37.811142,144.959346,9009845,1.918,206.96,0.274
user_0595,-37.816217,144.958156,135231,0.718,184.25,0.308
user_0596,-37.812548,144.954264,304366,0.996,69.37,0.387
user_0597,-37.8133,144.971,302571,0.564,140.18,0.66
user_0598,-37.811713,144.962813,134906,1.453,39.46,0.469
user_0599,-37.816562,144.956251,11591,1.256,65.86,0.502
user_0600,-37.811645,144.972708,304368,1.156,165.12,0.131
user_0601,-37.814033,144.957171,135390,0.944,185.06,0.16
user_0602,-37.813314,144.963792,303712,1.587,6.3,0.43
user_0603,-37.818035,144.963037,134554,1.872,107.13,0.661
user_0604,-37.8152,144.964,135009,1.781,124.84,0.22
user_0605,-37.814768,144.970784,134453,1.935,85.61,0.488
user_0606,-37.813143,144.959389,130005,1.834,27.45,0.444
user_0607,-37.812881,144.971618,10003238,1.163,186.5,0.662
user_0608,-37.81476,144.955609,404118,1.844,48.94,0.629
user_0609,-37.816042,144.967263,301645,0.516,235.83,0.698
user_0610,-37.815619,144.963796,301382,0.915,129.34,0.662
user_0611,-37.817653,144.964248,301208,1.932,237.44,0.626
user_0612,-37.813857,144.9662,301383,0.217,147.56,0.164
user_0613,-37.814191,144.965571,135330,1.969,76.42,0.693
user_0614,-37.811156,144.965581,301361,1.178,128.97,0.663
user_0615,-37.811351,144.972887,47316,1.732,122.47,0.216
user_0616,-37.808389,144.969637,101381,0.403,45.79,0.375
user_0617,-37.814048,144.954802,135143,0.663,51.74,0.542
user_0618,-37.815904,144.95707,135306,1.623,147.51,0.554
user_0619,-37.814409,144.963482,304434,0.516,219.89,0.638
user_0620,-37.81136,144.969489,49630,1.689,134.34,0.152
user_0621,-37.816118,144.962037,11571,1.405,51.38,0.184
user_0622,-37.811499,144.972475,304368,0.782,67.26,0.256
user_0623,-37.811583,144.96651,134754,0.624,194.19,0.672
user_0624,-37.814321,144.95371,135143,0.744,186.44,0.107
user_0625,-37.811275,144.965221,301361,1.377,178.88,0.137
user_0626,-37.810821,144.961915,134454,0.413,82.01,0.343
user_0627,-37.808652,144.970224,461423,1.105,229.67,0.522
user_0628,-37.813681,144.963238,303712,0.76,34.47,0.65
user_0629,-37.815013,144.973554,305394,0.731,159.27,0.231
user_0630,-37.819213,144.958844,53003,0.44,43.45,0.549
user_0631,-37.815479,144.968033,303676,1.29,109.38,0.43
user_0632,-37.810007,144.971681,135213,1.047,139.92,0.498
user_0633,-37.81199,144.968646,130439,0.593,67.11,0.553
user_0634,-37.817222,144.957716,135231,1.772,25.55,0.368
user_0635,-37.815779,144.953105,10003027,1.467,24.6,0.439
user_0636,-37.815867,144.962386,101385,0.311,142.46,0.403
user_0637,-37.817911,144.954612,11581,1.231,42.61,0.297
user_0638,-37.8101,144.964,301896,1.137,34.18,0.223
user_0639,-37.811253,144.972885,47316,1.25,27.83,0.406
user_0640,-37.809441,144.965794,301896,1.656,118.81,0.408
user_0641,-37.81474,144.973839,304744,1.022,19.49,0.377
user_0642,-37.813524,144.962328,303712,1.652,186.54,0.338
user_0643,-37.816946,144.953741,11581,1.67,192.2,0.447
user_0644,-37.816215,144.970556,9002262,0.282,91.48,0.138
user_0645,-37.815441,144.969563,44125,1.989,239.58,0.141
user_0646,-37.81914,144.961711,134980,1.881,12.97,0.345
user_0647,-37.818781,144.954828,9009844,1.584,197.22,0.687
user_0648,-37.81385,144.966012,301383,1.363,110.51,0.696
user_0649,-37.817243,144.966625,301645,0.888,223.27,0.644
user_0650,-37.817477,144.959878,304364,0.876,176.37,0.497
user_0651,-37.815349,144.955645,11591,1.171,169.04,0.309
user_0652,-37.807837,144.969603,101381,0.521,139.85,0.417
user_0653,-37.8113,144.967083,134754,1.51,60.9,0.102
user_0654,-37.81886,144.957939,134245,0.241,79.89,0.504
user_0655,-37.819978,144.958169,134872,1.18,138.52,0.594
user_0656,-37.814371,144.95446,135143,0.646,91.89,0.265
user_0657,-37.814289,144.966535,135330,1.887,186.98,0.168
user_0658,-37.80881,144.971729,304060,1.657,110.23,0.56
user_0659,-37.814119,144.955517,135143,1.791,8.93,0.224
user_0660,-37.815246,144.963227,135009,0.382,13.43,0.459
user_0661,-37.815825,144.969547,44125,1.466,17.22,0.544
user_0662,-37.810466,144.969456,9009843,0.924,63.82,0.23
user_0663,-37.814819,144.970164,301388,1.755,19.17,0.402
user_0664,-37.813115,144.957819,135390,0.721,209.76,0.539
user_0665,-37.810458,144.96253,49873,0.774,155.08,0.504
user_0666,-37.811032,144.962352,134454,0.777,80.74,0.186
user_0667,-37.815883,144.964583,301382,1.388,60.48,0.28
user_0668,-37.814219,144.973606,304369,0.31,243.08,0.628
user_0669,-37.811677,144.971533,301393,1.841,162.12,0.356
user_0670,-37.811799,144.957141,135045,1.092,249.04,0.665
user_0671,-37.810638,144.965418,301361,1.408,202.24,0.291
user_0672,-37.814404,144.971109,51576,0.949,42.45,0.326
user_0673,-37.814285,144.951847,10003027,1.558,123.85,0.61
user_0674,-37.810593,144.966719,134754,0.741,182.6,0.583
user_0675,-37.813173,144.960658,134680,1.847,146.16,0.681
user_0676,-37.814009,144.958025,135390,1.203,38.66,0.246
user_0677,-37.813447,144.963467,303712,0.566,167.32,0.653
user_0678,-37.817451,144.958871,134449,1.725,28.21,0.535
user_0679,-37.818142,144.958164,134245,0.543,72.38,0.504
user_0680,-37.813236,144.953544,9026103,1.285,224.28,0.213
user_0681,-37.808913,144.97154,304060,1.571,186.8,0.435
user_0682,-37.814819,144.962009,101385,1.063,223.24,0.3
user_0683,-37.812274,144.961295,9013096,1.923,8.85,0.662
user_0684,-37.8135,144.96,130005,1.932,34.45,0.7
user_0685,-37.811657,144.970676,301393,1.062,65.89,0.463
user_0686,-37.815617,144.973147,305394,0.568,234.7,0.431
user_0687,-37.810438,144.968858,9009843,1.596,100.55,0.42
user_0688,-37.810216,144.966803,134754,0.847,70.65,0.408
user_0689,-37.815503,144.960471,134822,1.095,29.75,0.689
user_0690,-37.819975,144.956613,134872,1.045,215.77,0.649
user_0691,-37.81259,144.968146,134565,0.867,108.9,0.438
user_0692,-37.816557,144.964343,9014989,0.598,41.63,0.256
user_0693,-37.812082,144.962989,134906,1.883,150.36,0.351
user_0694,-37.813811,144.956577,135390,0.474,87.8,0.328
user_0695,-37.81489,144.970537,135237,1.7,130.32,0.493
user_0696,-37.816183,144.970851,9002262,1.433,69.59,0.593
user_0697,-37.808107,144.970744,461423,1.94,166.07,0.394
user_0698,-37.814836,144.95841,9014611,0.503,204.54,0.202
user_0699,-37.814619,144.973433,305394,1.497,127.57,0.65
user_0700,-37.814632,144.964134,51622,1.176,166.09,0.135
user_0701,-37.816813,144.957358,135306,0.261,217.52,0.667
user_0702,-37.810859,144.9644,302517,1.403,196.85,0.347
user_0703,-37.811089,144.968762,130439,1.717,63.09,0.524
user_0704,-37.817403,144.959786,304364,0.216,131.94,0.324
user_0705,-37.812141,144.973247,304368,1.312,172.36,0.47
user_0706,-37.816301,144.970849,9002262,1.07,127.45,0.104
user_0707,-37.813675,144.956611,135390,1.193,7.97,0.418
user_0708,-37.816111,144.954795,9001289,0.695,250.35,0.11
user_0709,-37.812395,144.970247,134317,1.664,174.18,0.584
user_0710,-37.815157,144.957856,9014611,1.838,31.86,0.158
user_0711,-37.814173,144.957938,135390,0.468,53.17,0.416
user_0712,-37.814722,144.954521,135143,1.667,72.1,0.338
user_0713,-37.81338,144.960537,134901,0.871,106.91,0.439
user_0714,-37.813369,144.951745,304365,1.982,61.69,0.51
user_0715,-37.811545,144.971489,301393,1.726,169.09,0.615
user_0716,-37.818494,144.958554,134245,1.567,28.47,0.328
user_0717,-37.815318,144.961863,101385,1.195,19.08,0.106
user_0718,-37.814222,144.96259,303712,0.508,130.46,0.36
user_0719,-37.814478,144.96961,301388,1.612,147.03,0.615
user_0720,-37.816749,144.957956,135231,0.372,137.57,0.126
user_0721,-37.8121,144.961,9013096,0.581,222.9,0.633
user_0722,-37.810277,144.966391,134754,1.056,16.69,0.145
user_0723,-37.808166,144.971206,304060,1.866,230.73,0.438
user_0724,-37.814695,144.956227,11593,0.259,238.12,0.289
user_0725,-37.812498,144.965191,135253,1.931,152.35,0.551
user_0726,-37.816676,144.969497,10004167,1.483,104.97,0.146
user_0727,-37.81426,144.953631,135143,0.492,65.36,0.601
user_0728,-37.814187,144.959677,130005,0.9,230.03,0.299
user_0729,-37.81357,144.966757,301383,1.56,40.13,0.693
user_0730,-37.812155,144.97089,301393,1.503,130.7,0.685
user_0731,-37.816301,144.970581,9002262,0.297,114.71,0.603
user_0732,-37.81501,144.952347,10003027,0.813,198.02,0.673
user_0733,-37.809014,144.969254,101381,0.914,199.16,0.118
user_0734,-37.814611,144.961287,134822,0.692,254.14,0.394
user_0735,-37.814375,144.972383,134360,0.84,241.23,0.359
user_0736,-37.816242,144.969952,135237,1.423,170.83,0.151
user_0737,-37.811271,144.968715,130439,1.314,205.31,0.528
user_0738,-37.811342,144.964958,134329,0.348,43.71,0.527
user_0739,-37.82044,144.955009,304363,1.341,190.65,0.29
user_0740,-37.812666,144.953839,304366,0.392,6.3,0.285
user_0741,-37.812716,144.962915,134574,0.848,72.71,0.18
user_0742,-37.813127,144.953935,135011,0.537,117.66,0.433
user_0743,-37.815045,144.952636,10003027,0.934,11.59,0.312
user_0744,-37.809639,144.968124,101381,0.368,155.11,0.295
user_0745,-37.815905,144.957186,135306,0.893,78.25,0.333
user_0746,-37.817039,144.96359,44101,0.352,231.19,0.643
user_0747,-37.809879,144.968184,101381,1.961,148.56,0.202
user_0748,-37.814903,144.960824,134822,0.885,39.85,0.281
user_0749,-37.816011,144.968256,303676,1.088,20.88,0.361
user_0750,-37.815518,144.960138,206082,0.958,126.54,0.146
user_0751,-37.81921,144.959345,134923,0.653,66.89,0.475
user_0752,-37.814989,144.972312,134453,1.269,54.08,0.164
user_0753,-37.811062,144.959034,9009845,0.748,243.15,0.299
user_0754,-37.807861,144.971469,304060,1.316,206.82,0.298
user_0755,-37.81766,144.954944,11581,0.803,209.68,0.616
user_0756,-37.814323,144.961249,134822,1.954,39.17,0.292
user_0757,-37.812061,144.965567,135253,1.905,55.41,0.289
user_0758,-37.812718,144.963863,135253,1.936,248.15,0.275
user_0759,-37.811158,144.959853,9009845,1.451,128.24,0.446
user_0760,-37.815934,144.955866,11591,0.636,99.39,0.59
user_0761,-37.8158,144.966,134386,0.907,33.59,0.438
user_0762,-37.813849,144.954086,135143,1.266,141.95,0.509
user_0763,-37.814641,144.962697,135009,1.19,244.2,0.377
user_0764,-37.815479,144.967116,301386,1.475,115.05,0.275
user_0765,-37.812439,144.963463,134906,1.447,210.56,0.577
user_0766,-37.81404,144.96064,134822,0.936,130.33,0.48
user_0767,-37.81302,144.965414,51718,0.636,170.32,0.529
user_0768,-37.813702,144.968448,301240,1.62,23.57,0.694
user_0769,-37.816329,144.962591,11571,1.063,105.6,0.404
user_0770,-37.815351,144.957029,11593,1.857,178.62,0.426
user_0771,-37.819588,144.958536,53003,1.623,95.24,0.637
user_0772,-37.819634,144.956128,134547,1.166,165.18,0.151
user_0773,-37.815346,144.95585,11591,1.584,170.06,0.313
user_0774,-37.81377,144.952547,9026103,1.365,16.12,0.69
user_0775,-37.809235,144.965718,301896,1.419,105.3,0.552
user_0776,-37.819657,144.95888,53003,1.938,113.04,0.106
user_0777,-37.815489,144.968487,303676,0.666,133.18,0.411
user_0778,-37.813543,144.962324,303712,1.245,149.38,0.367
user_0779,-37.819004,144.961679,306249,0.904,198.86,0.453
user_0780,-37.808682,144.968441,101381,1.101,91.59,0.115
user_0781,-37.813241,144.959806,130005,0.388,109.41,0.677
user_0782,-37.81279,144.96618,301383,0.409,241.11,0.185
user_0783,-37.813643,144.966114,301383,0.761,119.29,0.224
user_0784,-37.813111,144.971352,302571,1.069,124.52,0.363
user_0785,-37.813043,144.964715,51718,1.454,85.05,0.28
user_0786,-37.81245,144.963484,134906,1.658,33.89,0.61
user_0787,-37.812291,144.958794,303255,1.366,174.96,0.199
user_0788,-37.81001,144.964354,301896,1.971,66.22,0.205
user_0789,-37.817405,144.957499,11579,0.488,145.52,0.675
user_0790,-37.815549,144.967167,301386,0.617,106.67,0.211
user_0791,-37.817691,144.96012,11601,1.353,113.47,0.118
user_0792,-37.815361,144.958965,9014611,1.305,54.53,0.455
user_0793,-37.81235,144.970861,134317,0.9,181.89,0.223
user_0794,-37.814218,144.956719,135390,1.554,207.99,0.138
user_0795,-37.814535,144.973948,304744,0.383,223.87,0.212
user_0796,-37.811682,144.971844,304368,0.787,119.85,0.257
user_0797,-37.8127,144.968,134565,1.753,137.46,0.483
user_0798,-37.815443,144.967019,301386,1.275,158.44,0.452
user_0799,-37.813898,144.970675,302571,0.826,217.22,0.47
user_0800,-37.816927,144.961488,134941,1.665,182.2,0.278
user_0801,-37.815806,144.963227,101385,1.306,26.27,0.18
user_0802,-37.814083,144.956871,135390,0.412,81.65,0.21
user_0803,-37.813523,144.961353,134680,1.448,133.22,0.351
user_0804,-37.813404,144.965885,301383,0.448,101.31,0.211
user_0805,-37.810346,144.964254,301896,1.344,179.05,0.487
user_0806,-37.81493,144.9609,134822,2.0,144.28,0.394
user_0807,-37.813494,144.970338,302571,0.453,83.96,0.371
user_0808,-37.8182,144.957,10004576,0.297,95.12,0.106
user_0809,-37.819946,144.954777,9009844,0.446,209.62,0.678
user_0810,-37.80986,144.968778,101381,1.11,129.24,0.511
user_0811,-37.813049,144.957795,135390,0.948,215.81,0.393
user_0812,-37.815577,144.963441,135009,0.349,12.75,0.557
user_0813,-37.808372,144.9692,101381,0.726,73.99,0.423
user_0814,-37.809588,144.968573,101381,0.503,119.79,0.546
user_0815,-37.8154,144.963,135009,1.579,142.98,0.168
